Workbook
Name Atmosphere: AtmosphereISA!$B$2:$K$142

Sheet AtmosphereISA
C1: Altitude | I1: VelocSom | L1: M | Q1: Tt
C2: m | D2: km | E2: Pressão(Pa) | F2: Temperatura(°C) | G2: T (k) | H2: Densidade(kg/m3) | I2: (m/s) | J2: km/h | K2: Viscos.(10^-5Pa.s) | L2: 1 | M2: 2 | N2: 4 | O2: 6 | P2: 8 | Q2: 1000 | R2: 2700
C3: 0 | D3: =C3/1000 -> 0 | E3: 101342 | F3: 15 | G3: =F3+273.15 -> 288.15 | H3: 1.225 | I3: 340.36 | J3: =I3*3.6 -> 1225.296 | K3: 1.80074 | L3: =J3*$L$2 -> 1225.296 | M3: =J3*$M$2 -> 2450.592 | N3: =J3*$N$2 -> 4901.184 | O3: =J3*$O$2 -> 7351.776 | P3: =J3*$P$2 -> 9802.368 | Q3: =SQRT(($Q$2/G3-1)*2/(1.4-1))*J3 -> 4306.3661 | R3: =SQRT(($R$2/G3-1)*2/(1.4-1))*J3 -> 7926.6896
C4: 10 | D4: =C4/1000 -> 0.01 | E4: 101222 | F4: 14.93 | G4: =F4+273.15 -> 288.08 | H4: 1.22382 | I4: 340.32 | J4: =I4*3.6 -> 1225.152 | K4: 1.80042 | L4: =J4*$L$2 -> 1225.152 | M4: =J4*$M$2 -> 2450.304 | N4: =J4*$N$2 -> 4900.608 | O4: =J4*$O$2 -> 7350.912 | P4: =J4*$P$2 -> 9801.216 | Q4: =SQRT(($Q$2/G4-1)*2/(1.4-1))*J4 -> 4306.5949 | R4: =SQRT(($R$2/G4-1)*2/(1.4-1))*J4 -> 7926.836
C5: 30 | D5: =C5/1000 -> 0.03 | E5: 100982 | F5: 14.8 | G5: =F5+273.15 -> 287.95 | H5: 1.22148 | I5: 340.24 | J5: =I5*3.6 -> 1224.864 | K5: 1.79978 | L5: =J5*$L$2 -> 1224.864 | M5: =J5*$M$2 -> 2449.728 | N5: =J5*$N$2 -> 4899.456 | O5: =J5*$O$2 -> 7349.184 | P5: =J5*$P$2 -> 9798.912 | Q5: =SQRT(($Q$2/G5-1)*2/(1.4-1))*J5 -> 4306.9475 | R5: =SQRT(($R$2/G5-1)*2/(1.4-1))*J5 -> 7926.9749
C6: 60 | D6: =C6/1000 -> 0.06 | E6: 100623 | F6: 14.61 | G6: =F6+273.15 -> 287.76 | H6: 1.21796 | I6: 340.13 | J6: =I6*3.6 -> 1224.468 | K6: 1.79882 | L6: =J6*$L$2 -> 1224.468 | M6: =J6*$M$2 -> 2448.936 | N6: =J6*$N$2 -> 4897.872 | O6: =J6*$O$2 -> 7346.808 | P6: =J6*$P$2 -> 9795.744 | Q6: =SQRT(($Q$2/G6-1)*2/(1.4-1))*J6 -> 4307.5508 | R6: =SQRT(($R$2/G6-1)*2/(1.4-1))*J6 -> 7927.34
C7: 100 | D7: =C7/1000 -> 0.1 | E7: 100146 | F7: 14.35 | G7: =F7+273.15 -> 287.5 | H7: 1.21329 | I7: 339.98 | J7: =I7*3.6 -> 1223.928 | K7: 1.79754 | L7: =J7*$L$2 -> 1223.928 | M7: =J7*$M$2 -> 2447.856 | N7: =J7*$N$2 -> 4895.712 | O7: =J7*$O$2 -> 7343.568 | P7: =J7*$P$2 -> 9791.424 | Q7: =SQRT(($Q$2/G7-1)*2/(1.4-1))*J7 -> 4308.3838 | R7: =SQRT(($R$2/G7-1)*2/(1.4-1))*J7 -> 7927.8534
C8: 150 | D8: =C8/1000 -> 0.15 | E8: 99553 | F8: 14.02 | G8: =F8+273.15 -> 287.17 | H8: 1.20746 | I8: 339.79 | J8: =I8*3.6 -> 1223.244 | K8: 1.79595 | L8: =J8*$L$2 -> 1223.244 | M8: =J8*$M$2 -> 2446.488 | N8: =J8*$N$2 -> 4892.976 | O8: =J8*$O$2 -> 7339.464 | P8: =J8*$P$2 -> 9785.952 | Q8: =SQRT(($Q$2/G8-1)*2/(1.4-1))*J8 -> 4309.447 | R8: =SQRT(($R$2/G8-1)*2/(1.4-1))*J8 -> 7928.5163
C9: 210 | D9: =C9/1000 -> 0.21 | E9: 98844 | F9: 13.63 | G9: =F9+273.15 -> 286.78 | H9: 1.2005 | I9: 339.56 | J9: =I9*3.6 -> 1222.416 | K9: 1.79403 | L9: =J9*$L$2 -> 1222.416 | M9: =J9*$M$2 -> 2444.832 | N9: =J9*$N$2 -> 4889.664 | O9: =J9*$O$2 -> 7334.496 | P9: =J9*$P$2 -> 9779.328 | Q9: =SQRT(($Q$2/G9-1)*2/(1.4-1))*J9 -> 4310.636 | R9: =SQRT(($R$2/G9-1)*2/(1.4-1))*J9 -> 7929.176
C10: 280 | D10: =C10/1000 -> 0.28 | E10: 98023 | F10: 13.18 | G10: =F10+273.15 -> 286.33 | H10: 1.19241 | I10: 339.29 | J10: =I10*3.6 -> 1221.444 | K10: 1.79179 | L10: =J10*$L$2 -> 1221.444 | M10: =J10*$M$2 -> 2442.888 | N10: =J10*$N$2 -> 4885.776 | O10: =J10*$O$2 -> 7328.664 | P10: =J10*$P$2 -> 9771.552 | Q10: =SQRT(($Q$2/G10-1)*2/(1.4-1))*J10 -> 4311.9514 | R10: =SQRT(($R$2/G10-1)*2/(1.4-1))*J10 -> 7929.8337
C11: 360 | D11: =C11/1000 -> 0.36 | E11: 97091 | F11: 12.66 | G11: =F11+273.15 -> 285.81 | H11: 1.18323 | I11: 338.98 | J11: =I11*3.6 -> 1220.328 | K11: 1.78923 | L11: =J11*$L$2 -> 1220.328 | M11: =J11*$M$2 -> 2440.656 | N11: =J11*$N$2 -> 4881.312 | O11: =J11*$O$2 -> 7321.968 | P11: =J11*$P$2 -> 9762.624 | Q11: =SQRT(($Q$2/G11-1)*2/(1.4-1))*J11 -> 4313.4995 | R11: =SQRT(($R$2/G11-1)*2/(1.4-1))*J11 -> 7930.6465
C12: 450 | D12: =C12/1000 -> 0.45 | E12: 96051 | F12: 12.07 | G12: =F12+273.15 -> 285.22 | H12: 1.17296 | I12: 338.64 | J12: =I12*3.6 -> 1219.104 | K12: 1.78635 | L12: =J12*$L$2 -> 1219.104 | M12: =J12*$M$2 -> 2438.208 | N12: =J12*$N$2 -> 4876.416 | O12: =J12*$O$2 -> 7314.624 | P12: =J12*$P$2 -> 9752.832 | Q12: =SQRT(($Q$2/G12-1)*2/(1.4-1))*J12 -> 4315.409 | R12: =SQRT(($R$2/G12-1)*2/(1.4-1))*J12 -> 7931.8512
C13: 550 | D13: =C13/1000 -> 0.55 | E13: 94907 | F13: 11.42 | G13: =F13+273.15 -> 284.57 | H13: 1.16163 | I13: 338.25 | J13: =I13*3.6 -> 1217.7 | K13: 1.78314 | L13: =J13*$L$2 -> 1217.7 | M13: =J13*$M$2 -> 2435.4 | N13: =J13*$N$2 -> 4870.8 | O13: =J13*$O$2 -> 7306.2 | P13: =J13*$P$2 -> 9741.6 | Q13: =SQRT(($Q$2/G13-1)*2/(1.4-1))*J13 -> 4317.3208 | R13: =SQRT(($R$2/G13-1)*2/(1.4-1))*J13 -> 7932.8269
C14: 660 | D14: =C14/1000 -> 0.66 | E14: 93660 | F14: 10.71 | G14: =F14+273.15 -> 283.86 | H14: 1.14926 | I14: 337.83 | J14: =I14*3.6 -> 1216.188 | K14: 1.77961 | L14: =J14*$L$2 -> 1216.188 | M14: =J14*$M$2 -> 2432.376 | N14: =J14*$N$2 -> 4864.752 | O14: =J14*$O$2 -> 7297.128 | P14: =J14*$P$2 -> 9729.504 | Q14: =SQRT(($Q$2/G14-1)*2/(1.4-1))*J14 -> 4319.4911 | R14: =SQRT(($R$2/G14-1)*2/(1.4-1))*J14 -> 7934.0451
... C142: 97300 | D142: =C142/1000 -> 97.3 | E142: 0 | F142: -70.6 | G142: =F142+273.15 -> 202.55 | H142: 0 | I142: 285.43 | J142: =I142*3.6 -> 1027.548 | K142: 1.34563 | L142: =J142*$L$2 -> 1027.548 | M142: =J142*$M$2 -> 2055.096 | N142: =J142*$N$2 -> 4110.192 | O142: =J142*$O$2 -> 6165.288 | P142: =J142*$P$2 -> 8220.384 | Q142: =SQRT(($Q$2/G142-1)*2/(1.4-1))*J142 -> 4559.0329 | R142: =SQRT(($R$2/G142-1)*2/(1.4-1))*J142 -> 8068.0652

Sheet Recovery
H2: Tt/T | I2: =(1+($I$4-1)/2*$I$5*$I$5) -> 1.032 | J2: Tt/T | K2: =(1+($I$4-1)/2*K5*K5) -> 1.128 | L2: Tt/T | M2: =(1+($I$4-1)/2*M5*M5) -> 1.512 | N2: Tt/T | O2: =(1+($I$4-1)/2*O5*O5) -> 3.45 | P2: Tt/T | Q2: =(1+($I$4-1)/2*Q5*Q5) -> 10.8
H3: Pt/P | I3: =I2^($I$4/($I$4-1)) -> 1.116552 | J3: Pt/P | K3: =K2^($I$4/($I$4-1)) -> 1.52434 | L3: Pt/P | M3: =M2^($I$4/($I$4-1)) -> 4.2504143 | N3: Pt/P | O3: =O2^($I$4/($I$4-1)) -> 76.272298 | P3: Pt/P | Q3: =Q2^($I$4/($I$4-1)) -> 4139.8361
H4: gamma | I4: 1.4 | J4: gamma | K4: 1.4 | L4: gamma | M4: 1.4 | N4: gamma | O4: 1.4 | P4: gamma | Q4: 1.4
C5: =AtmosphereISA!C1:F1 -> Altitude | H5: Mach | I5: 0.4 | J5: Mach | K5: 0.8 | L5: Mach | M5: 1.6 | N5: Mach | O5: 3.5 | P5: Mach | Q5: 7
C6: =AtmosphereISA!C2:F2 -> m | D6: =AtmosphereISA!D2:G2 -> km | E6: =AtmosphereISA!E2:H2 -> Pressão(Pa) | F6: =AtmosphereISA!F2:I2 -> Temperatura(°C) | G6: =AtmosphereISA!G2:J2 -> T (k) | H6: Tt(K) | I6: Pt (bar) | J6: Tt(K) | K6: Pt (bar) | L6: Tt(K) | M6: Pt (bar) | N6: Tt(K) | O6: Pt (bar) | P6: Tt(K) | Q6: Pt (bar) | T6: (1+(gamma-1)/2*M*M)^(gamma/(gamma-1))
C7: =AtmosphereISA!C3:F3 -> 0 | D7: =AtmosphereISA!D3:G3 -> 0 | E7: =AtmosphereISA!E3:H3 -> 101342 | F7: =AtmosphereISA!F3:I3 -> 15 | G7: =AtmosphereISA!G3:J3 -> 288.15 | H7: =G7*$I$2 -> 297.3708 | I7: =$I$3*E7/100000 -> 1.1315361 | J7: =G7*$K$2 -> 325.0332 | K7: =$K$3*E7/100000 -> 1.5447967 | L7: =G7*$M$2 -> 435.6828 | M7: =$M$3*E7/100000 -> 4.3074549 | N7: =G7*$O$2 -> 994.1175 | O7: =$O$3*E7/100000 -> 77.295872 | P7: =G7*$Q$2 -> 3112.02 | Q7: =$Q$3*E7/100000 -> 4195.3927 | T7: (1+(gamma-1)/2*M*M)
C8: =AtmosphereISA!C4:F4 -> 10 | D8: =AtmosphereISA!D4:G4 -> 0.01 | E8: =AtmosphereISA!E4:H4 -> 101222 | F8: =AtmosphereISA!F4:I4 -> 14.93 | G8: =AtmosphereISA!G4:J4 -> 288.08 | H8: =G8*$I$2 -> 297.29856 | I8: =$I$3*E8/100000 -> 1.1301962 | J8: =G8*$K$2 -> 324.95424 | K8: =$K$3*E8/100000 -> 1.5429674 | L8: =G8*$M$2 -> 435.57696 | M8: =$M$3*E8/100000 -> 4.3023544 | N8: =G8*$O$2 -> 993.876 | O8: =$O$3*E8/100000 -> 77.204346 | P8: =G8*$Q$2 -> 3111.264 | Q8: =$Q$3*E8/100000 -> 4190.4249
C9: =AtmosphereISA!C5:F5 -> 30 | D9: =AtmosphereISA!D5:G5 -> 0.03 | E9: =AtmosphereISA!E5:H5 -> 100982 | F9: =AtmosphereISA!F5:I5 -> 14.8 | G9: =AtmosphereISA!G5:J5 -> 287.95 | H9: =G9*$I$2 -> 297.1644 | I9: =$I$3*E9/100000 -> 1.1275165 | J9: =G9*$K$2 -> 324.8076 | K9: =$K$3*E9/100000 -> 1.539309 | L9: =G9*$M$2 -> 435.3804 | M9: =$M$3*E9/100000 -> 4.2921534 | N9: =G9*$O$2 -> 993.4275 | O9: =$O$3*E9/100000 -> 77.021292 | P9: =G9*$Q$2 -> 3109.86 | Q9: =$Q$3*E9/100000 -> 4180.4893
C10: =AtmosphereISA!C6:F6 -> 60 | D10: =AtmosphereISA!D6:G6 -> 0.06 | E10: =AtmosphereISA!E6:H6 -> 100623 | F10: =AtmosphereISA!F6:I6 -> 14.61 | G10: =AtmosphereISA!G6:J6 -> 287.76 | H10: =G10*$I$2 -> 296.96832 | I10: =$I$3*E10/100000 -> 1.1235081 | J10: =G10*$K$2 -> 324.59328 | K10: =$K$3*E10/100000 -> 1.5338366 | L10: =G10*$M$2 -> 435.09312 | M10: =$M$3*E10/100000 -> 4.2768944 | N10: =G10*$O$2 -> 992.772 | O10: =$O$3*E10/100000 -> 76.747475 | P10: =G10*$Q$2 -> 3107.808 | Q10: =$Q$3*E10/100000 -> 4165.6272
C11: =AtmosphereISA!C7:F7 -> 100 | D11: =AtmosphereISA!D7:G7 -> 0.1 | E11: =AtmosphereISA!E7:H7 -> 100146 | F11: =AtmosphereISA!F7:I7 -> 14.35 | G11: =AtmosphereISA!G7:J7 -> 287.5 | H11: =G11*$I$2 -> 296.7 | I11: =$I$3*E11/100000 -> 1.1181821 | J11: =G11*$K$2 -> 324.3 | K11: =$K$3*E11/100000 -> 1.5265655 | L11: =G11*$M$2 -> 434.7 | M11: =$M$3*E11/100000 -> 4.25662 | N11: =G11*$O$2 -> 991.875 | O11: =$O$3*E11/100000 -> 76.383656 | P11: =G11*$Q$2 -> 3105 | Q11: =$Q$3*E11/100000 -> 4145.8802
C12: =AtmosphereISA!C8:F8 -> 150 | D12: =AtmosphereISA!D8:G8 -> 0.15 | E12: =AtmosphereISA!E8:H8 -> 99553 | F12: =AtmosphereISA!F8:I8 -> 14.02 | G12: =AtmosphereISA!G8:J8 -> 287.17 | H12: =G12*$I$2 -> 296.35944 | I12: =$I$3*E12/100000 -> 1.111561 | J12: =G12*$K$2 -> 323.92776 | K12: =$K$3*E12/100000 -> 1.5175262 | L12: =G12*$M$2 -> 434.20104 | M12: =$M$3*E12/100000 -> 4.231415 | N12: =G12*$O$2 -> 990.7365 | O12: =$O$3*E12/100000 -> 75.931361 | P12: =G12*$Q$2 -> 3101.436 | Q12: =$Q$3*E12/100000 -> 4121.331
C13: =AtmosphereISA!C9:F9 -> 210 | D13: =AtmosphereISA!D9:G9 -> 0.21 | E13: =AtmosphereISA!E9:H9 -> 98844 | F13: =AtmosphereISA!F9:I9 -> 13.63 | G13: =AtmosphereISA!G9:J9 -> 286.78 | H13: =G13*$I$2 -> 295.95696 | I13: =$I$3*E13/100000 -> 1.1036446 | J13: =G13*$K$2 -> 323.48784 | K13: =$K$3*E13/100000 -> 1.5067186 | L13: =G13*$M$2 -> 433.61136 | M13: =$M$3*E13/100000 -> 4.2012796 | N13: =G13*$O$2 -> 989.391 | O13: =$O$3*E13/100000 -> 75.39059 | P13: =G13*$Q$2 -> 3097.224 | Q13: =$Q$3*E13/100000 -> 4091.9796
C14: =AtmosphereISA!C10:F10 -> 280 | D14: =AtmosphereISA!D10:G10 -> 0.28 | E14: =AtmosphereISA!E10:H10 -> 98023 | F14: =AtmosphereISA!F10:I10 -> 13.18 | G14: =AtmosphereISA!G10:J10 -> 286.33 | H14: =G14*$I$2 -> 295.49256 | I14: =$I$3*E14/100000 -> 1.0944777 | J14: =G14*$K$2 -> 322.98024 | K14: =$K$3*E14/100000 -> 1.4942038 | L14: =G14*$M$2 -> 432.93096 | M14: =$M$3*E14/100000 -> 4.1663837 | N14: =G14*$O$2 -> 987.8385 | O14: =$O$3*E14/100000 -> 74.764395 | P14: =G14*$Q$2 -> 3092.364 | Q14: =$Q$3*E14/100000 -> 4057.9915
C15: =AtmosphereISA!C11:F11 -> 360 | D15: =AtmosphereISA!D11:G11 -> 0.36 | E15: =AtmosphereISA!E11:H11 -> 97091 | F15: =AtmosphereISA!F11:I11 -> 12.66 | G15: =AtmosphereISA!G11:J11 -> 285.81 | H15: =G15*$I$2 -> 294.95592 | I15: =$I$3*E15/100000 -> 1.0840715 | J15: =G15*$K$2 -> 322.39368 | K15: =$K$3*E15/100000 -> 1.479997 | L15: =G15*$M$2 -> 432.14472 | M15: =$M$3*E15/100000 -> 4.1267698 | N15: =G15*$O$2 -> 986.0445 | O15: =$O$3*E15/100000 -> 74.053537 | P15: =G15*$Q$2 -> 3086.748 | Q15: =$Q$3*E15/100000 -> 4019.4082
C16: =AtmosphereISA!C12:F12 -> 450 | D16: =AtmosphereISA!D12:G12 -> 0.45 | E16: =AtmosphereISA!E12:H12 -> 96051 | F16: =AtmosphereISA!F12:I12 -> 12.07 | G16: =AtmosphereISA!G12:J12 -> 285.22 | H16: =G16*$I$2 -> 294.34704 | I16: =$I$3*E16/100000 -> 1.0724593 | J16: =G16*$K$2 -> 321.72816 | K16: =$K$3*E16/100000 -> 1.4641438 | L16: =G16*$M$2 -> 431.25264 | M16: =$M$3*E16/100000 -> 4.0825655 | N16: =G16*$O$2 -> 984.009 | O16: =$O$3*E16/100000 -> 73.260305 | P16: =G16*$Q$2 -> 3080.376 | Q16: =$Q$3*E16/100000 -> 3976.3539
C17: =AtmosphereISA!C13:F13 -> 550 | D17: =AtmosphereISA!D13:G13 -> 0.55 | E17: =AtmosphereISA!E13:H13 -> 94907 | F17: =AtmosphereISA!F13:I13 -> 11.42 | G17: =AtmosphereISA!G13:J13 -> 284.57 | H17: =G17*$I$2 -> 293.67624 | I17: =$I$3*E17/100000 -> 1.059686 | J17: =G17*$K$2 -> 320.99496 | K17: =$K$3*E17/100000 -> 1.4467054 | L17: =G17*$M$2 -> 430.26984 | M17: =$M$3*E17/100000 -> 4.0339407 | N17: =G17*$O$2 -> 981.7665 | O17: =$O$3*E17/100000 -> 72.38775 | P17: =G17*$Q$2 -> 3073.356 | Q17: =$Q$3*E17/100000 -> 3928.9942
C18: =AtmosphereISA!C14:F14 -> 660 | D18: =AtmosphereISA!D14:G14 -> 0.66 | E18: =AtmosphereISA!E14:H14 -> 93660 | F18: =AtmosphereISA!F14:I14 -> 10.71 | G18: =AtmosphereISA!G14:J14 -> 283.86 | H18: =G18*$I$2 -> 292.94352 | I18: =$I$3*E18/100000 -> 1.0457626 | J18: =G18*$K$2 -> 320.19408 | K18: =$K$3*E18/100000 -> 1.4276969 | L18: =G18*$M$2 -> 429.19632 | M18: =$M$3*E18/100000 -> 3.9809381 | N18: =G18*$O$2 -> 979.317 | O18: =$O$3*E18/100000 -> 71.436635 | P18: =G18*$Q$2 -> 3065.688 | Q18: =$Q$3*E18/100000 -> 3877.3705
C19: =AtmosphereISA!C15:F15 -> 780 | D19: =AtmosphereISA!D15:G15 -> 0.78 | E19: =AtmosphereISA!E15:H15 -> 92316 | F19: =AtmosphereISA!F15:I15 -> 9.93 | G19: =AtmosphereISA!G15:J15 -> 283.08 | H19: =G19*$I$2 -> 292.13856 | I19: =$I$3*E19/100000 -> 1.0307561 | J19: =G19*$K$2 -> 319.31424 | K19: =$K$3*E19/100000 -> 1.4072097 | L19: =G19*$M$2 -> 428.01696 | M19: =$M$3*E19/100000 -> 3.9238125 | N19: =G19*$O$2 -> 976.626 | O19: =$O$3*E19/100000 -> 70.411535 | P19: =G19*$Q$2 -> 3057.264 | Q19: =$Q$3*E19/100000 -> 3821.7311
... C146: =AtmosphereISA!C142:F142 -> 97300 | D146: =AtmosphereISA!D142:G142 -> 97.3 | E146: =AtmosphereISA!E142:H142 -> 0 | F146: =AtmosphereISA!F142:I142 -> -70.6 | G146: =AtmosphereISA!G142:J142 -> 202.55 | H146: =G146*$I$2 -> 209.0316 | I146: =$I$3*E146/100000 -> 0 | J146: =G146*$K$2 -> 228.4764 | K146: =$K$3*E146/100000 -> 0 | L146: =G146*$M$2 -> 306.2556 | M146: =$M$3*E146/100000 -> 0 | N146: =G146*$O$2 -> 698.7975 | O146: =$O$3*E146/100000 -> 0 | P146: =G146*$Q$2 -> 2187.54 | Q146: =$Q$3*E146/100000 -> 0

Sheet FlightPath
F2: Recovery
B3: Altitude (km) | C3: Mach | D3: Pressure (bar) | E3: Temperature (K) | F3: Main Chamber Pressure (bar) | G3: Bypass Temperature (K)
B4: 0 | C4: 0.03 | D4: =Recovery!E7/100000 -> 1.01342 | E4: =AtmosphereISA!G3 -> 288.15 | F4: 8 | G4: 286
B5: 5 | C5: 0.4 | D5: =AtmosphereISA!E34/100000 -> 0.54324 | E5: =AtmosphereISA!G34 -> 255.91 | F5: 5 | G5: 300
B6: 15 | C6: 0.8 | D6: =AtmosphereISA!E57/100000 -> 0.12373 | E6: =AtmosphereISA!G57 -> 216.65 | F6: 0.55 | G6: 306
B7: 20 | C7: 1.6 | D7: =AtmosphereISA!E66/100000 -> 0.05393 | E7: =AtmosphereISA!G66 -> 216.75 | F7: 0.12 | G7: 320
B8: 28 | C8: 3.5 | D8: =AtmosphereISA!E77/100000 -> 0.01664 | E8: =AtmosphereISA!G77 -> 224.34 | F8: 0.12 | G8: 500
B9: 28 | C9: 7 | D9: =D8 -> 0.01664 | E9: =E8 -> 224.34 | F9: 0.4 | G9: 750
B10: 35 | C10: 4 | D10: =AtmosphereISA!E86/100000 -> 0.00584 | E10: =AtmosphereISA!G86 -> 236.2 | F10: 25 | G10: 1800
B11: 64.4 | C11: 8 | D11: =AtmosphereISA!E116/100000 -> 0.00012 | E11: =AtmosphereISA!G116 -> 241.37 | F11: 25 | G11: 241.37
